location,comparison,greedy_mean,random_mean,difference,t_statistic,p_value,cohens_d,significant_p005
namibia,greedy vs random,17355.0,2840.0,14515.0,5.643908665491883,1.753278192223131e-06,1.784760628891571,True
australia,greedy vs random,33345.0,4860.0,28485.0,9.98828701312649,3.527130999527443e-12,3.1585736884959843,True
mali,greedy vs random,45890.0,21340.0,24550.0,7.325682351246739,8.954093775268777e-09,2.316584164483733,True
